arm_id,representation,width_hz,association,state,metrics,failure
native__w200__connected,native,200,connected,COMPLETE,"{""detection_count"": 8681, ""diagnostic_dominant_denominator"": 204, ""diagnostic_dominant_retained"": 83, ""null_primary_episodes"": 41, ""persistent_tracks"": 2, ""primary_tracks"": 0, ""resolution_dependence"": {""10923"": {""detections"": 1563, ""fragments"": 143}, ""21846"": {""detections"": 3120, ""fragments"": 44}, ""43692"": {""detections"": 3853, ""fragments"": 22}, ""54615"": {""detections"": 145, ""fragments"": 1}}, ""status_transitions"": {""AMBIGUOUS_ASSOCIATION -> AMBIGUOUS_ASSOCIATION"": 38, ""INSUFFICIENT_SUPPORT -> INSUFFICIENT_SUPPORT"": 3}, ""statuses"": {""AMBIGUOUS_ASSOCIATION"": 38, ""INSUFFICIENT_SUPPORT"": 3}, ""structural_constraint_violations"": 0, ""width_rejection"": 135}",null
native__w200__paths_margin0,native,200,paths_margin0,COMPUTATION_UNRESOLVED,null,"{""candidates"": 73, ""capture"": ""PIPELINE-TPMS-008-20260918-003900"", ""episode"": 8, ""feasible_paths"": 412, ""limit"": 200000, ""reason"": ""exact partition DP state limit"", ""visited_states"": 200001}"
native__w200__paths_margin0.25,native,200,paths_margin0.25,NOT_RUN,null,null
native__w200__paths_margin1,native,200,paths_margin1,NOT_RUN,null,null
native__w225__connected,native,225,connected,NOT_RUN,null,null
native__w225__paths_margin0,native,225,paths_margin0,NOT_RUN,null,null
native__w225__paths_margin0.25,native,225,paths_margin0.25,NOT_RUN,null,null
native__w225__paths_margin1,native,225,paths_margin1,NOT_RUN,null,null
native__w250__connected,native,250,connected,NOT_RUN,null,null
native__w250__paths_margin0,native,250,paths_margin0,NOT_RUN,null,null
native__w250__paths_margin0.25,native,250,paths_margin0.25,NOT_RUN,null,null
native__w250__paths_margin1,native,250,paths_margin1,NOT_RUN,null,null
native__w275__connected,native,275,connected,NOT_RUN,null,null
native__w275__paths_margin0,native,275,paths_margin0,NOT_RUN,null,null
native__w275__paths_margin0.25,native,275,paths_margin0.25,NOT_RUN,null,null
native__w275__paths_margin1,native,275,paths_margin1,NOT_RUN,null,null
native__w300__connected,native,300,connected,NOT_RUN,null,null
native__w300__paths_margin0,native,300,paths_margin0,NOT_RUN,null,null
native__w300__paths_margin0.25,native,300,paths_margin0.25,NOT_RUN,null,null
native__w300__paths_margin1,native,300,paths_margin1,NOT_RUN,null,null
native__w325__connected,native,325,connected,NOT_RUN,null,null
native__w325__paths_margin0,native,325,paths_margin0,NOT_RUN,null,null
native__w325__paths_margin0.25,native,325,paths_margin0.25,NOT_RUN,null,null
native__w325__paths_margin1,native,325,paths_margin1,NOT_RUN,null,null
native__w350__connected,native,350,connected,NOT_RUN,null,null
native__w350__paths_margin0,native,350,paths_margin0,NOT_RUN,null,null
native__w350__paths_margin0.25,native,350,paths_margin0.25,NOT_RUN,null,null
native__w350__paths_margin1,native,350,paths_margin1,NOT_RUN,null,null
native__wunlimited__connected,native,,connected,NOT_RUN,null,null
native__wunlimited__paths_margin0,native,,paths_margin0,NOT_RUN,null,null
native__wunlimited__paths_margin0.25,native,,paths_margin0.25,NOT_RUN,null,null
native__wunlimited__paths_margin1,native,,paths_margin1,NOT_RUN,null,null
grid_sigma0__w200__connected,grid_sigma0,200,connected,NOT_RUN,null,null
grid_sigma0__w200__paths_margin0,grid_sigma0,200,paths_margin0,NOT_RUN,null,null
grid_sigma0__w200__paths_margin0.25,grid_sigma0,200,paths_margin0.25,NOT_RUN,null,null
grid_sigma0__w200__paths_margin1,grid_sigma0,200,paths_margin1,NOT_RUN,null,null
grid_sigma0__w225__connected,grid_sigma0,225,connected,NOT_RUN,null,null
grid_sigma0__w225__paths_margin0,grid_sigma0,225,paths_margin0,NOT_RUN,null,null
grid_sigma0__w225__paths_margin0.25,grid_sigma0,225,paths_margin0.25,NOT_RUN,null,null
grid_sigma0__w225__paths_margin1,grid_sigma0,225,paths_margin1,NOT_RUN,null,null
grid_sigma0__w250__connected,grid_sigma0,250,connected,NOT_RUN,null,null
grid_sigma0__w250__paths_margin0,grid_sigma0,250,paths_margin0,NOT_RUN,null,null
grid_sigma0__w250__paths_margin0.25,grid_sigma0,250,paths_margin0.25,NOT_RUN,null,null
grid_sigma0__w250__paths_margin1,grid_sigma0,250,paths_margin1,NOT_RUN,null,null
grid_sigma0__w275__connected,grid_sigma0,275,connected,NOT_RUN,null,null
grid_sigma0__w275__paths_margin0,grid_sigma0,275,paths_margin0,NOT_RUN,null,null
grid_sigma0__w275__paths_margin0.25,grid_sigma0,275,paths_margin0.25,NOT_RUN,null,null
grid_sigma0__w275__paths_margin1,grid_sigma0,275,paths_margin1,NOT_RUN,null,null
grid_sigma0__w300__connected,grid_sigma0,300,connected,NOT_RUN,null,null
grid_sigma0__w300__paths_margin0,grid_sigma0,300,paths_margin0,NOT_RUN,null,null
grid_sigma0__w300__paths_margin0.25,grid_sigma0,300,paths_margin0.25,NOT_RUN,null,null
grid_sigma0__w300__paths_margin1,grid_sigma0,300,paths_margin1,NOT_RUN,null,null
grid_sigma0__w325__connected,grid_sigma0,325,connected,NOT_RUN,null,null
grid_sigma0__w325__paths_margin0,grid_sigma0,325,paths_margin0,NOT_RUN,null,null
grid_sigma0__w325__paths_margin0.25,grid_sigma0,325,paths_margin0.25,NOT_RUN,null,null
grid_sigma0__w325__paths_margin1,grid_sigma0,325,paths_margin1,NOT_RUN,null,null
grid_sigma0__w350__connected,grid_sigma0,350,connected,NOT_RUN,null,null
grid_sigma0__w350__paths_margin0,grid_sigma0,350,paths_margin0,NOT_RUN,null,null
grid_sigma0__w350__paths_margin0.25,grid_sigma0,350,paths_margin0.25,NOT_RUN,null,null
grid_sigma0__w350__paths_margin1,grid_sigma0,350,paths_margin1,NOT_RUN,null,null
grid_sigma0__wunlimited__connected,grid_sigma0,,connected,NOT_RUN,null,null
grid_sigma0__wunlimited__paths_margin0,grid_sigma0,,paths_margin0,NOT_RUN,null,null
grid_sigma0__wunlimited__paths_margin0.25,grid_sigma0,,paths_margin0.25,NOT_RUN,null,null
grid_sigma0__wunlimited__paths_margin1,grid_sigma0,,paths_margin1,NOT_RUN,null,null
grid_sigma5__w200__connected,grid_sigma5,200,connected,NOT_RUN,null,null
grid_sigma5__w200__paths_margin0,grid_sigma5,200,paths_margin0,NOT_RUN,null,null
grid_sigma5__w200__paths_margin0.25,grid_sigma5,200,paths_margin0.25,NOT_RUN,null,null
grid_sigma5__w200__paths_margin1,grid_sigma5,200,paths_margin1,NOT_RUN,null,null
grid_sigma5__w225__connected,grid_sigma5,225,connected,NOT_RUN,null,null
grid_sigma5__w225__paths_margin0,grid_sigma5,225,paths_margin0,NOT_RUN,null,null
grid_sigma5__w225__paths_margin0.25,grid_sigma5,225,paths_margin0.25,NOT_RUN,null,null
grid_sigma5__w225__paths_margin1,grid_sigma5,225,paths_margin1,NOT_RUN,null,null
grid_sigma5__w250__connected,grid_sigma5,250,connected,NOT_RUN,null,null
grid_sigma5__w250__paths_margin0,grid_sigma5,250,paths_margin0,NOT_RUN,null,null
grid_sigma5__w250__paths_margin0.25,grid_sigma5,250,paths_margin0.25,NOT_RUN,null,null
grid_sigma5__w250__paths_margin1,grid_sigma5,250,paths_margin1,NOT_RUN,null,null
grid_sigma5__w275__connected,grid_sigma5,275,connected,NOT_RUN,null,null
grid_sigma5__w275__paths_margin0,grid_sigma5,275,paths_margin0,NOT_RUN,null,null
grid_sigma5__w275__paths_margin0.25,grid_sigma5,275,paths_margin0.25,NOT_RUN,null,null
grid_sigma5__w275__paths_margin1,grid_sigma5,275,paths_margin1,NOT_RUN,null,null
grid_sigma5__w300__connected,grid_sigma5,300,connected,NOT_RUN,null,null
grid_sigma5__w300__paths_margin0,grid_sigma5,300,paths_margin0,NOT_RUN,null,null
grid_sigma5__w300__paths_margin0.25,grid_sigma5,300,paths_margin0.25,NOT_RUN,null,null
grid_sigma5__w300__paths_margin1,grid_sigma5,300,paths_margin1,NOT_RUN,null,null
grid_sigma5__w325__connected,grid_sigma5,325,connected,NOT_RUN,null,null
grid_sigma5__w325__paths_margin0,grid_sigma5,325,paths_margin0,NOT_RUN,null,null
grid_sigma5__w325__paths_margin0.25,grid_sigma5,325,paths_margin0.25,NOT_RUN,null,null
grid_sigma5__w325__paths_margin1,grid_sigma5,325,paths_margin1,NOT_RUN,null,null
grid_sigma5__w350__connected,grid_sigma5,350,connected,NOT_RUN,null,null
grid_sigma5__w350__paths_margin0,grid_sigma5,350,paths_margin0,NOT_RUN,null,null
grid_sigma5__w350__paths_margin0.25,grid_sigma5,350,paths_margin0.25,NOT_RUN,null,null
grid_sigma5__w350__paths_margin1,grid_sigma5,350,paths_margin1,NOT_RUN,null,null
grid_sigma5__wunlimited__connected,grid_sigma5,,connected,NOT_RUN,null,null
grid_sigma5__wunlimited__paths_margin0,grid_sigma5,,paths_margin0,NOT_RUN,null,null
grid_sigma5__wunlimited__paths_margin0.25,grid_sigma5,,paths_margin0.25,NOT_RUN,null,null
grid_sigma5__wunlimited__paths_margin1,grid_sigma5,,paths_margin1,NOT_RUN,null,null
grid_sigma10__w200__connected,grid_sigma10,200,connected,NOT_RUN,null,null
grid_sigma10__w200__paths_margin0,grid_sigma10,200,paths_margin0,NOT_RUN,null,null
grid_sigma10__w200__paths_margin0.25,grid_sigma10,200,paths_margin0.25,NOT_RUN,null,null
grid_sigma10__w200__paths_margin1,grid_sigma10,200,paths_margin1,NOT_RUN,null,null
grid_sigma10__w225__connected,grid_sigma10,225,connected,NOT_RUN,null,null
grid_sigma10__w225__paths_margin0,grid_sigma10,225,paths_margin0,NOT_RUN,null,null
grid_sigma10__w225__paths_margin0.25,grid_sigma10,225,paths_margin0.25,NOT_RUN,null,null
grid_sigma10__w225__paths_margin1,grid_sigma10,225,paths_margin1,NOT_RUN,null,null
grid_sigma10__w250__connected,grid_sigma10,250,connected,NOT_RUN,null,null
grid_sigma10__w250__paths_margin0,grid_sigma10,250,paths_margin0,NOT_RUN,null,null
grid_sigma10__w250__paths_margin0.25,grid_sigma10,250,paths_margin0.25,NOT_RUN,null,null
grid_sigma10__w250__paths_margin1,grid_sigma10,250,paths_margin1,NOT_RUN,null,null
grid_sigma10__w275__connected,grid_sigma10,275,connected,NOT_RUN,null,null
grid_sigma10__w275__paths_margin0,grid_sigma10,275,paths_margin0,NOT_RUN,null,null
grid_sigma10__w275__paths_margin0.25,grid_sigma10,275,paths_margin0.25,NOT_RUN,null,null
grid_sigma10__w275__paths_margin1,grid_sigma10,275,paths_margin1,NOT_RUN,null,null
grid_sigma10__w300__connected,grid_sigma10,300,connected,NOT_RUN,null,null
grid_sigma10__w300__paths_margin0,grid_sigma10,300,paths_margin0,NOT_RUN,null,null
grid_sigma10__w300__paths_margin0.25,grid_sigma10,300,paths_margin0.25,NOT_RUN,null,null
grid_sigma10__w300__paths_margin1,grid_sigma10,300,paths_margin1,NOT_RUN,null,null
grid_sigma10__w325__connected,grid_sigma10,325,connected,NOT_RUN,null,null
grid_sigma10__w325__paths_margin0,grid_sigma10,325,paths_margin0,NOT_RUN,null,null
grid_sigma10__w325__paths_margin0.25,grid_sigma10,325,paths_margin0.25,NOT_RUN,null,null
grid_sigma10__w325__paths_margin1,grid_sigma10,325,paths_margin1,NOT_RUN,null,null
grid_sigma10__w350__connected,grid_sigma10,350,connected,NOT_RUN,null,null
grid_sigma10__w350__paths_margin0,grid_sigma10,350,paths_margin0,NOT_RUN,null,null
grid_sigma10__w350__paths_margin0.25,grid_sigma10,350,paths_margin0.25,NOT_RUN,null,null
grid_sigma10__w350__paths_margin1,grid_sigma10,350,paths_margin1,NOT_RUN,null,null
grid_sigma10__wunlimited__connected,grid_sigma10,,connected,NOT_RUN,null,null
grid_sigma10__wunlimited__paths_margin0,grid_sigma10,,paths_margin0,NOT_RUN,null,null
grid_sigma10__wunlimited__paths_margin0.25,grid_sigma10,,paths_margin0.25,NOT_RUN,null,null
grid_sigma10__wunlimited__paths_margin1,grid_sigma10,,paths_margin1,NOT_RUN,null,null
grid_sigma20__w200__connected,grid_sigma20,200,connected,NOT_RUN,null,null
grid_sigma20__w200__paths_margin0,grid_sigma20,200,paths_margin0,NOT_RUN,null,null
grid_sigma20__w200__paths_margin0.25,grid_sigma20,200,paths_margin0.25,NOT_RUN,null,null
grid_sigma20__w200__paths_margin1,grid_sigma20,200,paths_margin1,NOT_RUN,null,null
grid_sigma20__w225__connected,grid_sigma20,225,connected,NOT_RUN,null,null
grid_sigma20__w225__paths_margin0,grid_sigma20,225,paths_margin0,NOT_RUN,null,null
grid_sigma20__w225__paths_margin0.25,grid_sigma20,225,paths_margin0.25,NOT_RUN,null,null
grid_sigma20__w225__paths_margin1,grid_sigma20,225,paths_margin1,NOT_RUN,null,null
grid_sigma20__w250__connected,grid_sigma20,250,connected,NOT_RUN,null,null
grid_sigma20__w250__paths_margin0,grid_sigma20,250,paths_margin0,NOT_RUN,null,null
grid_sigma20__w250__paths_margin0.25,grid_sigma20,250,paths_margin0.25,NOT_RUN,null,null
grid_sigma20__w250__paths_margin1,grid_sigma20,250,paths_margin1,NOT_RUN,null,null
grid_sigma20__w275__connected,grid_sigma20,275,connected,NOT_RUN,null,null
grid_sigma20__w275__paths_margin0,grid_sigma20,275,paths_margin0,NOT_RUN,null,null
grid_sigma20__w275__paths_margin0.25,grid_sigma20,275,paths_margin0.25,NOT_RUN,null,null
grid_sigma20__w275__paths_margin1,grid_sigma20,275,paths_margin1,NOT_RUN,null,null
grid_sigma20__w300__connected,grid_sigma20,300,connected,NOT_RUN,null,null
grid_sigma20__w300__paths_margin0,grid_sigma20,300,paths_margin0,NOT_RUN,null,null
grid_sigma20__w300__paths_margin0.25,grid_sigma20,300,paths_margin0.25,NOT_RUN,null,null
grid_sigma20__w300__paths_margin1,grid_sigma20,300,paths_margin1,NOT_RUN,null,null
grid_sigma20__w325__connected,grid_sigma20,325,connected,NOT_RUN,null,null
grid_sigma20__w325__paths_margin0,grid_sigma20,325,paths_margin0,NOT_RUN,null,null
grid_sigma20__w325__paths_margin0.25,grid_sigma20,325,paths_margin0.25,NOT_RUN,null,null
grid_sigma20__w325__paths_margin1,grid_sigma20,325,paths_margin1,NOT_RUN,null,null
grid_sigma20__w350__connected,grid_sigma20,350,connected,NOT_RUN,null,null
grid_sigma20__w350__paths_margin0,grid_sigma20,350,paths_margin0,NOT_RUN,null,null
grid_sigma20__w350__paths_margin0.25,grid_sigma20,350,paths_margin0.25,NOT_RUN,null,null
grid_sigma20__w350__paths_margin1,grid_sigma20,350,paths_margin1,NOT_RUN,null,null
grid_sigma20__wunlimited__connected,grid_sigma20,,connected,NOT_RUN,null,null
grid_sigma20__wunlimited__paths_margin0,grid_sigma20,,paths_margin0,NOT_RUN,null,null
grid_sigma20__wunlimited__paths_margin0.25,grid_sigma20,,paths_margin0.25,NOT_RUN,null,null
grid_sigma20__wunlimited__paths_margin1,grid_sigma20,,paths_margin1,NOT_RUN,null,null
