session_id,start_time,end_time,duration_s,burst_count,stable_count,multipath_count,low_quality_count,stable_ratio,multipath_ratio,low_quality_ratio,bearing_circular_mean_deg,bearing_circular_std_deg,peak_power_mean_db,peak_power_std_db,max_confidence_mean,median_confidence_mean,doa_width_mean_deg,doa_width_std_deg,median_doa_peaks_mean,bearing_spread_mean_deg,single_peak_ratio_mean,samples_mean,track_event_count,track_acquired_count,track_reacquired_count,track_shift_confirmed_count,track_degraded_count,track_lost_count,track_recovered_count,episode_event_count,episode_started_count,episode_closed_count
TPMS-AGE-LOSS-V1-20260923-015119,2026-09-23T01:51:34,2026-09-23T01:51:56,22.0,3,3,0,0,1.0,0.0,0.0,147.13335181105165,0.8013974840792808,-20.866666666666667,4.707794954470016,6.303333333333334,6.243333333333333,49.0,0.0,1.0,0.7999999999999999,1.0,3.0,0,0,0,0,0,0,0,0,0,0
TPMS-AGEING-V1-20260923-013845,2026-09-23T01:39:24,2026-09-23T01:42:15,171.0,17,8,9,0,0.47058823529411764,0.5294117647058824,0.0,212.65937956259722,87.17911974491945,-19.729411764705883,3.32730459717065,4.35,4.228235294117647,70.94117647058823,16.41063141775513,1.4705882352941178,5.3235294117647065,0.51,3.0,1,1,0,0,0,0,0,0,0,0
TPMS-AGEING-V1-20260923-014553,2026-09-23T01:46:12,2026-09-23T01:49:16,184.0,15,15,0,0,1.0,0.0,0.0,224.76662699562286,77.66796313116456,-17.713333333333335,3.437787217438123,5.51,5.32,53.86666666666667,3.2812599206199233,1.0,1.5933333333333333,1.0,4.0,2,1,1,0,0,0,0,0,0,0
TPMS-CLEAN-CHECK-20260923-025327,2026-09-23T02:53:46,2026-09-23T02:55:11,85.0,9,0,9,0,0.0,1.0,0.0,195.21950660017396,44.42541770524411,-18.544444444444444,4.115856870419303,2.723333333333333,2.4155555555555557,112.22222222222223,6.759766596891082,2.4444444444444446,35.78888888888889,0.03666666666666667,3.3333333333333335,0,0,0,0,0,0,0,0,0,0
TPMS-DECORR-FBA-20260924-235553,2026-09-24T23:56:10,2026-09-24T23:57:04,54.0,6,0,6,0,0.0,1.0,0.0,270.3483759792159,3.6066197454703244,-27.0,4.928285706003661,3.65,3.2683333333333335,84.66666666666667,6.21825270205921,1.3333333333333333,3.85,0.6933333333333334,3.5,0,0,0,0,0,0,0,0,0,0
TPMS-DECORR-FBSS-20260924-235842,2026-09-24T23:59:03,2026-09-25T00:00:48,105.0,10,0,10,0,0.0,1.0,0.0,266.65986531452904,2.070521515684326,-27.78,1.14968594745599,3.441,3.143,92.6,4.641599341223286,1.0,3.3,0.867,4.5,0,0,0,0,0,0,0,0,0,0
TPMS-ENGINE-SMOKE-20260923-034910,2026-09-23T03:50:14,2026-09-23T03:52:14,120.0,11,2,9,0,0.18181818181818182,0.8181818181818182,0.0,166.88024929415292,9.381049752562829,-17.645454545454545,2.9615413677217606,3.098181818181818,2.882727272727273,91.18181818181819,33.90226594733214,1.7727272727272727,7.127272727272728,0.36363636363636365,3.8181818181818183,0,0,0,0,0,0,0,0,0,0
TPMS-EPISODE-SMOKE-20260923-040249,2026-09-23T04:03:12,2026-09-23T04:05:53,161.0,14,3,11,0,0.21428571428571427,0.7857142857142857,0.0,167.32514708912328,10.991868820542766,-16.435714285714287,1.1875036148007445,3.6678571428571427,3.2399999999999998,78.64285714285714,30.953083959331202,1.4642857142857142,10.57857142857143,0.4878571428571429,4.071428571428571,0,0,0,0,0,0,0,0,0,0
TPMS-EVENTS-V1-20260923-012705,2026-09-23T01:27:37,2026-09-23T01:33:55,378.0,26,11,15,0,0.4230769230769231,0.5769230769230769,0.0,239.0055406196049,80.91466063182106,-18.007692307692306,2.9655249891947397,4.779230769230769,4.454230769230769,71.65384615384616,22.00125870525104,1.5769230769230769,14.207692307692307,0.4357692307692308,3.4615384615384617,1,1,0,0,0,0,0,0,0,0
TPMS-GEOMETRY-CHECK-20260924-234707,2026-09-24T23:47:32,2026-09-24T23:49:10,98.0,11,0,11,0,0.0,1.0,0.0,283.6908260665687,1.3473849611044886,-29.536363636363635,1.5041760051754098,3.21,2.4472727272727273,78.45454545454545,11.722744016343924,2.3181818181818183,3.390909090909091,0.31727272727272726,3.8181818181818183,0,0,0,0,0,0,0,0,0,0
TPMS-HYST-CLEAN-V1-20260923-020243,2026-09-23T02:04:45,2026-09-23T02:17:59,794.0,26,15,10,1,0.5769230769230769,0.38461538461538464,0.038461538461538464,194.86590754272248,81.51119881024334,-18.161538461538463,3.088699004186316,3.661153846153846,3.397307692307692,69.63461538461539,28.60613839451515,1.4423076923076923,4.6461538461538465,0.7115384615384616,3.4615384615384617,6,1,0,1,2,0,2,0,0,0
TPMS-HYST-V1-20260923-015519,2026-09-23T01:55:47,2026-09-23T02:00:48,301.0,26,5,20,1,0.19230769230769232,0.7692307692307693,0.038461538461538464,237.1855266140891,62.03647611710689,-20.284615384615385,3.9313806539374747,3.621923076923077,3.2665384615384614,75.21153846153847,20.234215120395987,1.6730769230769231,17.869230769230768,0.3719230769230769,3.576923076923077,3,1,0,0,1,1,0,0,0,0
TPMS-LIVE-EPISODE-V1-20260924-233453,2026-09-24T23:36:07,2026-09-24T23:39:34,207.0,16,0,15,1,0.0,0.9375,0.0625,170.58260264516034,20.546294043789672,-18.825,3.784617990409776,3.30125,2.775625,97.4375,24.88297610817484,1.8125,22.525,0.19875,3.75,0,0,0,0,0,0,0,0,0,0
TPMS-LOS-CHECK-20260924-234946,2026-09-24T23:50:04,2026-09-24T23:51:17,73.0,5,0,5,0,0.0,1.0,0.0,283.37998635682027,1.01075464905892,-28.12,1.2029131306956458,3.2760000000000002,2.4539999999999997,73.8,10.992042576336756,1.9,3.86,0.268,4.8,0,0,0,0,0,0,0,0,0,0
TPMS-MATURE-FINAL-20260923-031138,2026-09-23T03:11:48,2026-09-23T03:24:16,748.0,32,11,20,1,0.34375,0.625,0.03125,243.16149570375416,54.371227584097205,-20.696875,4.215982216327187,3.3190625,3.086875,96.0,41.18036644622242,1.796875,14.549999999999999,0.390625,3.375,3,1,0,0,1,1,0,0,0,0
TPMS-MATURE-HYST-V1-20260923-021943,2026-09-23T02:20:18,2026-09-23T02:33:51,813.0,39,5,30,4,0.1282051282051282,0.7692307692307693,0.10256410256410256,183.75403330509496,73.58869070163905,-19.120512820512822,2.8448642079497244,3.163333333333333,2.9005128205128203,79.1025641025641,14.016521964781555,1.6666666666666667,6.207692307692308,0.36743589743589744,3.4615384615384617,2,0,0,0,1,1,0,0,0,0
TPMS-MATURE-V2-20260923-023744,2026-09-23T02:38:05,2026-09-23T02:51:57,832.0,40,0,40,0,0.0,1.0,0.0,214.71741374204544,56.408347291799856,-20.125,3.7804320740712516,2.3925,2.20925,90.9,12.891659000876178,2.1125,20.505,0.033,3.225,0,0,0,0,0,0,0,0,0,0
TPMS-POSTREBOOT-CHECK-20260923-030738,2026-09-23T03:08:40,2026-09-23T03:10:49,129.0,11,11,0,0,1.0,0.0,0.0,275.1545376235492,1.1703672794126534,-24.263636363636365,3.7739297098045497,4.664545454545455,4.430909090909091,47.77272727272727,0.8764598212022147,1.0,0.7818181818181819,1.0,3.8181818181818183,1,1,0,0,0,0,0,0,0,0
TPMS-PROSPECTIVE-001-20260925-002112,2026-09-25T00:21:59,2026-09-25T00:23:56,117.0,13,5,3,5,0.38461538461538464,0.23076923076923078,0.38461538461538464,278.4463467159528,1.6050827449725142,-23.123076923076923,3.2673010896237296,3.5723076923076924,3.4084615384615384,53.96153846153846,3.1388794342191773,1.1153846153846154,1.9461538461538461,0.8846153846153846,3.923076923076923,2,1,0,0,1,0,0,1,1,0
TPMS-PROSPECTIVE-002-20260925-002549,2026-09-25T00:26:18,2026-09-25T00:28:10,112.0,11,9,2,0,0.8181818181818182,0.18181818181818182,0.0,280.26388600774703,1.6477163429262265,-23.336363636363636,3.5590090551367606,3.880909090909091,3.6754545454545453,51.81818181818182,0.9020179397530648,1.0,2.172727272727273,0.9400000000000001,3.8181818181818183,1,1,0,0,0,0,0,1,1,0
TPMS-QUALITY-V1B-20260923-010308,2026-09-23T01:03:23,2026-09-23T01:05:14,111.0,12,12,0,0,1.0,0.0,0.0,263.2082501483635,1.0896775372316652,-19.691666666666666,3.4134648708083146,4.09,3.941666666666667,61.5,1.0,1.0,0.8833333333333333,1.0,3.25,0,0,0,0,0,0,0,0,0,0
TPMS-TRACK-SHIFT-V1-20260923-011326,2026-09-23T01:14:08,2026-09-23T01:24:20,612.0,22,21,1,0,0.9545454545454546,0.045454545454545456,0.0,186.23575280903387,55.876430339699276,-17.827272727272728,2.5035559126554787,5.745909090909091,5.365,53.06818181818182,7.073248486787676,1.0,0.9,0.985,3.9545454545454546,0,0,0,0,0,0,0,0,0,0
TPMS-TRACK-V1-20260923-010932,2026-09-23T01:09:58,2026-09-23T01:11:38,100.0,9,9,0,0,1.0,0.0,0.0,260.7889317837817,1.2242480153268294,-19.72222222222222,2.4370975451229775,4.458888888888889,4.292222222222223,60.55555555555556,1.509230856356236,1.0,0.9333333333333333,1.0,3.3333333333333335,0,0,0,0,0,0,0,0,0,0
